id,caption,link_img
0,Bahn Mi bread or vietnamese bahn mi sandwich. Vietnam food.,images/0.jpg
1,Happy Vietnamese family hugging when photographing together,images/1.jpg
2,Vietnamese elderly woman in the 70-80th century,images/2.jpg
3,"sketch of cityscape in Hanoi Vietnam show woman banana seller on a bicycle walking on street, illustration vector",images/3.jpg
4,"Vietnam Independence Day Background Design. Banner, Poster, Greeting Card. Vector Illustration.",images/4.jpg
5,Panorama view of Vietnam with temple and city skyline with world famous landmarks in paper cut style vector illustration. Vietnam vector skyline silhouette with reflection in black and white easy to e,images/5.jpg
6,"Pho Bo Soup with beef, rice noodles, ginger, lime, chili pepper in bowl on gray background. Copy space. Vietnamese and Asian cuisine. View from above.",images/6.jpg
7,Vietnam banner set. Flat illustration of vietnam vector banner set for web design,images/7.jpg
8,"September 2, vietnam independence day, vietnamese colorful fireworks flag on blue night sky background. National holiday vietnam. Greeting card. Vector. Translation September 2nd Independence Day",images/8.jpg
9,"September 2, vietnam independence day, vietnamese colorful fireworks flag on blue night sky background. National holiday vietnam. Greeting card. Vector. Translation September 2nd Independence Day",images/9.jpg
10,beautiful woman walking over Truong Tien Bridge in Hue Vietnam,images/10.jpg
11,Young Asian family posing on background,images/11.jpg
12,"Vietnamese girls set fire to ritual lanterns, which they send to sail on the river at night to urge luck. Bridge survey. Hue city. Vietnam",images/12.jpg
13,Infographic map of Vietnam with administrative division into regions and Provinces,images/13.jpg
14,"Pho Bo Vietnamese fresh rice noodle soup with beef, onions, lime, herbs and chilli decoration. Served with chopsticks on dark canvas laid on wooden table. Vietnam's national dish. Top view.",images/14.jpg
15,"Vietnam flag background. Blurred pattern in the colors of the vietnamese flag, business booklet. National banner, poster of vietnam. State patriotic cover, flyer. Vector, template design",images/15.jpg
16,"happy woman wearing Ao Dai Vietnamese dress, traveler sightseeing view at rooftop in Hoi An ancient town. landmark and popular for tourist attractions. Vietnam and Southeast travel concept",images/16.jpg
17,Illustration Waving Flag Of Vietnam,images/17.jpg
18,beautiful woman exploring the imperial palace in Hue Vietnam,images/18.jpg
19,beautiful woman exploring the imperial palace in Hue Vietnam,images/19.jpg
20,Fishermen throw a fishing nets. Bridge survey. Morning view. Hue city. Vietnam,images/20.jpg
21,"Ho Chi Minh City, Viet Nam 5 Feb 2023: Beautiful morning in Calmette bridge at district 1, view to Bitexco tower, IFC one tower. Ho chi minh city is the one of the developed cities in Vietnam",images/21.jpg
22,"Panorama photo of the beautiful beach on Cham island (Hoi An city, Quang Nam province, Vietnam)",images/22.jpg
23,"Goi cuon is a traditional spring roll from Vietnam (Vietnamese food), made from meat, shrimp, vegetables, vermicelli, wrapped in rice paper or bÃ¡nh trÃ¡ng. served with sauce",images/23.jpg
24,"Com tam Vietnam, Broken rice with grilled pork chop, shredded pork skin and fried egg, Vietnamese cuisine",images/24.jpg
25,illustration vector of paper lantern light with red label Vietnamese language mean happy new year and lunar new year for frame decoration on Tet festival at Vietnam.,images/25.jpg
26,Young Asian student on blue background,images/26.jpg
27,"Stir fried bok choy with soy sauce on plate and chopsticks on white background, Asian vegan food, Side view",images/27.jpg
28,"panned egg , Fried Egg with Toppings , Indochina pan-fried egg with toppings in my homemade Thai style ,Vietnam food ,Egg Fried with Pork and sausage",images/28.jpg
29,"Asian woman is wearing Ao Dai traditional Vietnamese dress and traveling at Red Bridge- The Huc Bridge in Hoan Kiem Lake, this is a lake in the historical center of Hanoi, the capital city of Vietnam",images/29.jpg
30,Stickman holds a big red flag of Vietnam. Vector illustration of the development of Vietnamese tourism in Asia. Cute person isolated on white background.,images/30.jpg
31,"Golden Bridge , Vietnam",images/31.jpg
32,Grunge rubber stamp with the text Vietnam travel destination written inside the stamp. Time to travel. Silhouette temple Vietnam historical vector image.,images/32.jpg
33,"Vietnamese food, Asia food Pho Bo soup with beef and rice noodles on a white background",images/33.jpg
34,"Lunar new year background, banner, Chinese New Year 2024 , Year of the Dragon. Geometric vector illustration in flat modern style",images/34.jpg
35,"Pagoda of Tran Quoc temple in Hanoi, Vietnam",images/35.jpg
36,"Hoi An Old Town, Vietnam on 17 June 2018: Hoi An Vietnam, Lantern Street night time view with beautiful sky color",images/36.jpg
37,"Vietnam - detailed blue country map with cities, regions, location on world map and globe. Infographic icons. Vector illustration",images/37.jpg
38,"Shrimp Seafood Rice Noodles, noodles",images/38.jpg
39,"Famous tourist attraction - Golden bridge at the top of the Ba Na Hills, Vietnam",images/39.jpg
40,"Hue, Vietnam-Jun 06,2020: Wonderful view of the “ Meridian Gate Hue “ to the Imperial City with the Purple Forbidden City within the Citadel in Hue, Vietnam. Imperial Royal Palace of Nguyen dynasty",images/40.jpg
41,Drawing of a Vietnamese woman sales stuff on the street,images/41.jpg
42,beautiful woman exploring the imperial palace in Hue Vietnam,images/42.jpg
43,"vietnamese traditional pattern illustration vector art, vietnamese styles",images/43.jpg
44,"Goi cuon is a traditional spring roll from Vietnam (Vietnamese food), made from meat, shrimp, vegetables, vermicelli, wrapped in rice paper or bÃ¡nh trÃ¡ng. served with sauce",images/44.jpg
45,Cute smiling Vietnamese girl with long black hair wearing a traditional Asian conical hat. Color vector Vietnamese woman Illustration logo for cultural concepts.,images/45.jpg
46,A tray of exotic seafood in a tray at a Vietnamese Market,images/46.jpg
47,"Field of blooming pink and purple flowers and a farm house at the background at Cat Cat Village, where ethnic groups of Black H’Mong live in mountainous areas of Northern Vietnam, Sapa town",images/47.jpg
48,Vietnamese food banner collection. Linear graphic. Vector illustration,images/48.jpg
49,Abstract vector polygon set couple of map Vietnam color orange and purple.,images/49.jpg
50,Vietnamese traditional food. Online menu logo. Women in traditional dress with food. Sketch for your design. Vector illustration,images/50.jpg
51,"Cua Cà Mau hay Cua xanh là một loài cua biển, nói chung được sử dụng phổ biến làm thực phẩm tại Đài Loan và Việt Nam. Loài cua này nguyên được phát hiện tại lưu vực cửa sông Mê Kông",images/51.jpg
52,Bún Bò Huế - Vietnamese Spicy Beef Noodle Soup,images/52.jpg
53,Vietnamese food top view frame. A set of vietnamese dishes . Food menu design template. Hand drawn sketch vector illustration. Engraved style.,images/53.jpg
54,Cuba and Vietnam crossed flags. Cuban and Vietnamese flags on white background. Vector icon set. Vector illustration.,images/54.jpg
55,"Trade war , Made in Vietnam smart logistic concept. Shipping Cargo ship business Container import and export company for Logistics and Transportation.Chinese investment toward Southeast Asia.",images/55.jpg
56,"HANOI, VIETNAM. APRIL 10, 2016: Motorcycles got traffic jam on the road with green trees in background at Hanoi, Vietnam.",images/56.jpg
57,"Agriculture farm green banner. Organic abstract field background. Wavy green lines, advertising backdrop, web header. Ecology wallpaper. Striped textured pattern. Panoramic meadow view, abstract hill",images/57.jpg
58,"Vietnamese currency 500,000 dong banknote isolated on white background",images/58.jpg
59,"Ho Chi Minh city, Vietnam - 11 June 2020: Busy traffic jam during sunset in Ho Chi Minh city (Saigon), Vietnam",images/59.jpg
60,Bình Lập Beach - Khánh Hòa - Việt Nam,images/60.jpg
61,"Vietnam happy independence day greeting card, banner with template text vector illustration. Vietnamese memorial holiday 2nd of September design element with 3D flag with star",images/61.jpg
62,Fields during floating season in southern Vietnam,images/62.jpg
63,"Ho Chi Minh city, Vietnam - DEC 10 2022: Aerial sunset view at Landmark 81 - it is a super tall skyscraper and Saigon bridge with development buildings along Saigon river, cityscape in the morning",images/63.jpg
64,"Phan Thiet, Vietnam - July 13, 2010: Po Sah Inu temple or Cham Tower is a group of Hindu temple ruins of the Champa Kingdom, located on the hill of Phan Thiet city, Vietnam.",images/64.jpg
65,Fried Spring Rolls Cold Rice Vermicelli with sauce served in bowl isolated on table top view of taiwan food,images/65.jpg
66,Close-up on a green taxi meter sign in Hanoi.,images/66.jpg
67,"Ho Chi Minh City, Vietnam - November 15 2023: The Vinfast electric cars VF e34, VF 8 parking lot in Vinhomes Grand Park in Ho Chi Minh City, Vinhomes, Vingroup.",images/67.jpg
68,"Vector of Vietnam set with detailed country shape with region borders, flags and icons",images/68.jpg
69,"The Chuong Duong Bridge, Hanoi Vietnam it was built directly by Vietnamese workers",images/69.jpg
70,"Chau Doc city, An Giang Province, Viet Nam, aerial view. This is a city bordering Cambodia, in the Mekong Delta region of Vietnam.",images/70.jpg
71,Aerial view of Tam coc at sunrise in Vietnam.,images/71.jpg
72,"Vietnam, vector flag, virtual abstract 3D object from triangular polygons on a blue background",images/72.jpg
73,"The rice terrace fields in La Pan Tan, Che Cu Nha (Tsev Kub Nyiab) and Ze Xu Phinh have been recognized as national landscapes by the Ministry of Culture, Sports and Tourism.",images/73.jpg
74,"Young couple traveler in red dress enjoying at Golden Bridge in Bana hills, Danang Vietnam, Travel lifestyle concept",images/74.jpg
75,South Korea and Vietnam flags against cloudy sky. waving in the sky,images/75.jpg
76,Vector image Vietnam regions map,images/76.jpg
77,Pho Vietnamese Noodle Soup Famous Food on Old Wood. Image for Food Advertise Concept,images/77.jpg
78,"Landscape photo of mountain pass road with trees and valleys, village fields below at dawn.",images/78.jpg
79,"The majestic terraced fields in Ha Giang province, Vietnam. Rice fields ready to be harvested in Northwest Vietnam.",images/79.jpg
80,"Floating village and rock islands in Halong Bay, Vietnam, Southeast Asia",images/80.jpg
81,Vietnamese flag waving with sunrise over the rice field,images/81.jpg
82,3d Golden Vietnamese Dong Coin Money,images/82.jpg
83,"Da Nang, Vietnam - May 26th 2020: View of Da Nang Love bridge which is one of many famous destination for tourists in Da Nang city.",images/83.jpg
84,Vietnamese Rice Noodles Soup with Vietnamese Sausage served vegetables and crispy onion - Asian food style,images/84.jpg
85,Awesome view of Vietnamese woman in traditional bamboo hat on wooden boat on the Thu Bon River at Hoi An Ancient Town at sunrise in Vietnam. Hoian is a popular tourist destination of Asia.,images/85.jpg
86,"Family dinning table of Tet holiday or Lunar New Year with traditional foods: pork belly and eggs braised in coconut water, pickles, rice, Banh Tet (rice cake), fried vegetables, bitter melon soup",images/86.jpg
87,Premium Vector | Vietnam's reunification day background design,images/87.jpg
88,"Vietnamese table food for Tet, traditional food on lunar new year: pork belly with hard-boiled eggs braised in coconut water, mixed pickles, rice and other Tet foods on background",images/88.jpg
89,Traveler with backpack and arms up enjoying freedom,images/89.jpg
90,"Da Nang city, Viet Nam-02 23 2023: The aircraft Airbus A321-272N with registration VN-A501 of Vietnam Airlines approaching to land at Da Nang international airport.",images/90.jpg
91,Banh Khot Mini Vietnamese Savory Pancakes. Top View Vietnamese Food Illustration Vector.,images/91.jpg
92,"Ca phe sua da Vietnam, Iced milk coffee, Vietnamese cuisine",images/92.jpg
93,"fishing on the Huong River, Hue by the Trang Tien bridge and the phoenix tree. Photo taken in Hue on June 21, 2023.",images/93.jpg
94,set of banh tet Vietnamese food square sticky rice stuffed in banana leaves and bamboo rope on lunar new,images/94.jpg
95,"Vector Portrait of Beautiful Young Asian Woman with Chinese, Asian Traditional Conical Straw Hat, Vietnamese Triangle Nonla Hat, Non La Headdress. Asian Women Portrait in Front View",images/95.jpg
96,"Vietnamese traditional decoration, Vietnamese dragon art, Asia dragon art",images/96.jpg
97,"Aerial view of the Golden Bridge in Ba Na hills, Da Nang, Vietnam. Lifted by two giant concrete hands. Iconic world famous bridge in the mountains",images/97.jpg
98,"Ho Chi Minh City, Vietnam: beautiful girl in Vietnam traditional dress (costume Vietnamese name called Yem)",images/98.jpg
99,"A dish of com tam, a traditional breakfast in southern Vietnam, especially Saigon, with broken rice, grilled pork rib, fried eggs, carrot and radish pickles, sliced cucumber, and chopped scallion oil.",images/99.jpg
100,"Bamboo forest in Mu Cang Chai, Yen Bai, Vietnam. Beautiful green natural background. Nature and background concept. Selective focus.",images/100.jpg
101,"Aerial view of the Golden Bridge is lifted by two giant hands in the tourist resort on Ba Na Hill in Da Nang, Vietnam. Ba Na mountain resort is a favorite destination for tourists",images/101.jpg
102,"Da Nang, Vietnam - June 2nd 2022: The Golden Bridge is lifted by two giant hands in Ba Na Hills which is a favorite destination for.",images/102.jpg
103,"Blooming ochna tree decorated with red envelopes had Vietnamese calligraphy text means "" Happy New Year"" and ""everything is as expected"" for celebrating Lunar New Year , isolated on white background",images/103.jpg
104,"Mekong delta landscape with Vietnamese woman rowing boat on Nang - type of rush tree field, South Vietnam",images/104.jpg
